{
    "article":[
        {
            "ID":"inst",
            "header":"Installation von Microsoft Teams",
            "link":"localhost:8000/manuals/installation",

            "keywords":[
                "INSTALL"
            ],
            
            "pages":[
                {"ID":"0","content":"Lade dir Microsoft Teams herunter. Unter Windows, Mac oder Linux gehst du auf die entsprechende Seite von Microsoft Teams und klickst auf Download. Unter Android, IOS, etc. gehst du in den entsprechenden App-Store und lädst du dir „Microsoft Teams“ herunter."},
                {"ID":"1","content":"Bei der Fertigstellung des Downloads, führst Du die entsprechende exe Datei von Microsoft Teams aus. Bei Sicherheitswarnung fortfahren bzw. Ausführen."},
                {"ID":"2","content":"Nachdem sich das Installationsfenster für Microsoft Teams geöffnet hat meldest du dich mit deinem Microsoft Konto an, welches dir von der Schule zur Verfügung gestellt wurde."}
            ]
        },
        {
            "ID":"Meeting",
            "header":"Meetings Betreten",
            "link":"localhost:8000/manuals/meeting",

            "keywords":[
                "MEETING",
                "ANRUF"
            ],
            
            "pages":[
                {"ID":"0","content":"Gehe auf das Meeting, welches gerade gestartet ist und kicke auf 'Teilnehmen'."},
                {"ID":"1","content":"Nun klickst du auf den Reiter 'Computer Audio' damit dein Mikrofon richtig erkannt werden kann."},
                {"ID":"2","content":"Um das Meeting wieder zu verlassen, drückst du oben rechts auf den roten Knopf 'Meeting Verlassen' "},
                {"ID":"3","content":"Um das Mikrofon stummzuschalten drückst du oben neben 'Meeting verlassen' auf das Mikrofon Symbol um dich stummzuschalten. Das gleiche kann auch genutzt werden um das Mikrofon wieder freizugeben."}
            ]
        },
        {
            "ID":"tabs_Aufgaben",
            "header":"Anleitung zum 'Aufgaben' Tab",
            "link":"localhost:8000/manuals/tabs/aufgaben",

            "keywords":[
                "AUFGABE",
                "WORKSPACE"
            ],
            

            "pages":[
                {"ID":"0", "content":"Gehe auf die linke Seite des Bildschirms und suchst dort den Tab 'Aufgaben'."},
                {"ID":"1", "content":"Klicke dann darauf um zu deine Aufgaben zu gelangen."},
                {"ID":"2", "content":"Wenn du die Berechtigung hast, ist bei der Aufgabe dann unterhalb von den Referenzen eine Schaltfläche mit den Namen 'Arbeit-Hinzufügen', darauf klickst du dann."},
                {"ID":"3", "content":"Nachdem du dies gemacht hast, öffnet sich darauf ein weiteres Fenster, wo du dann auf die Schaltfläche 'Von diesen Gerät-Hochladen'."},
                {"ID":"4", "content":"Danach suchst du die Datei heraus, die du Hochladen möchtest heraus und klickst diese einmal an. Daraufhin drückst du dann auf Öffnen."},
                {"ID":"5", "content":"Wenn du eine neue Datei in der Aufgabe erstellen möchtest dann drückst auf die Schaltfläche 'Neu'."},
                {"ID":"6", "content":"Wenn du dies gemacht hast suchst du dir dann den Dateityp raus, den du haben möchtest und drückst dann auf den Dateityp."},
                {"ID":"7", "content":"Wenn du dies dann gemacht hast drückst du dann auf die neu erstellte Datei, um den Internen-Editor zu öffnen."},
                {"ID":"8", "content":"Nun gehst du wieder in die 'Aufgaben' hinein und drückst dann oben rechts in der Ecke auf 'Aufgabe Abgeben', solltest du die Aufgabe beendet haben."}

            ]
        },
        {
            "ID":"tabs_Aktivitäten",
            "header":"Anleitung zum 'Aktivitäten' Tab",
            "link":"localhost:8000/manuals/tabs/aktivitäten",

            "keywords":[
                "SEITE",
                "MENÜ",
                "TABS"
            ],
            
            
            "pages":[

                {"ID":"0", "content":"Gehe auf die linke Seite des Bildschirmes und klicke auf 'Aktivitäten'."},
                {"ID":"1", "content":"Nun siehst du dann in der Mitte deine Aktivitäten und an der linken Seite findest du was für Aktivitäten gerade vorhanden sind."}
            ]
        },
        {
            "ID":"tabs_Anrufe",
            "header":"Anleitung zum 'Anrufe' Tab",
            "link":"localhost:8000/manuals/tabs/anrufe",

            "keywords":[
                "PRIVAT",
                "CALL"
            ],
            
            
            "pages":[

                {"ID":"0", "content":"Gehe auf die linke Seite des Bildschirmes und klicke auf 'Anrufe'"},
                {"ID":"1", "content":"Als nächstes, wenn du auf die rechte Seite schaust, dann siehst du deinen Anrufverlauf. Links davon findest du deine Kontakte, mit denen du schon geschrieben hast."},
                {"ID":"2", "content":"Wenn du wen anrufen möchtest aber ihn gerade nicht eingespeichert hast kannst du über den Verlauf auf 'Namen Eingeben' drücken. Dies öffnet dann eine Suchleiste wo du dann nach deinen Kontakt suchen kannst."}

            ]
        },
        {
            "ID":"tabs_Dateien",
            "header":"Anleitung zum 'Dateien' Tab",
            "link":"localhost:8000/manuals/tabs/dateien",

            "keywords":[
                "DATEI",
                "DATA"
            ],
            
            
            "pages":[
                {"ID":"0", "content":"Gehe auf den linken Tab namens 'Dateien' und klicke darauf. "},
                {"ID":"1", "content":"Als Nächstes kannst du an der linken Seite dein Speicher ansehen. Dort kannst du auch unten links einen weiteren Cloud-Speicher einbinden, wenn du einen externen haben solltest."},
                {"ID":"2", "content":"Auf der rechten Seite siehst du dann deine letzten verwendeten Dateien."}
            ]
        },
        {
            "ID":"tabs_Chat",
            "header":"Anleitung zum 'Chat' Tab",
            "link":"localhost:8000/manuals/tabs/chat",

            "keywords":[
                "CHAT"
            ],
            
            
            "pages":[
                {"ID":"0", "content":"Klicke auf der linken Hälfte deines Bildschirms auf das Feld 'Chat'."},
                {"ID":"1", "content":"Danach kommt ein großes Fenster, das in zwei Hälften unterteilt ist. Auf der linken Seite findest du ein Icon, welches aussieht wie ein Notizbuch, da klickst du dann drauf."},
                {"ID":"2", "content":"Dann gibst du in der Zeile wo (Namen, Email, Gruppe oder Tag eingeben) steht, die betroffene Person ein um mit ihr einen Chat zu starten."},
                {"ID":"3", "content":"Wenn du mit einem Lehrer/Schüler direkt Kontakt aufnehmen möchten dann kannst du auf seinem Namen gehen, um eine Kachel erscheinen zu lassen. Danach drückst du auf auf das Chat Symbol um einen Chat direkt zu starten."}
            ]
        },
        {
            "ID":"Tabs_Kalender",
            "header":"Anleitung zum 'Kalender' Tab",
            "link":"localhost:8000/manuals/tabs/chat",

            "keywords":[
                "KALENDER",
                "CALENDER"
            ],
            

            "pages":[
                {"ID":"0", "content":"Gehe auf den linken Tab namens 'Kalender' und klicke darauf."},
                {"ID":"1", "content":"Als Nächstes kannst du deine Termine ansehen. Du kannst auch noch eigene Termine erstellen, sowie Besprechungen erstellen und beitreten."}
            ]   

        }
    ]
}