{
    "filter":[

        {
            "string": "✌",

            "re": ""
        },

        
        {
            "string": "<b>",

            "re": ""
        },

        
        {
            "string": "</b>",

            "re": ""
        },

        
        {
            "string": "<br>",

            "re": ""
        },

        
      

        {
            "string": "&ouml;",

            "re": "ö"
        },

        {
            "string": "etc.",

            "re": "und mehr"
        },

        {
            "string": "1.",

            "re": "Zuerst"
        },

        {
            "string": "2.",

            "re": "Zweitens"
        },

        {
            "string": "3.",

            "re": "Drittens"
        },
        {
            "string": "4.",

            "re": "Viertens"
        },

        {
            "string": "5.",

            "re": "Fünftens"
        },

        {
            "string": "🌝",

            "re": "hahahahaha"
        }

    ]
}